,Model,f1,f1_c,f1_i
0,ade20k_resnext101_32x8d_ff_bce_1235.ckpt,0.7215185709117864,0.4664587378501892,0.7104776383697465
